mouse_num,dob,injection_date,death_date,tumor_noticed,behavior_noticed,strain,virus,src,age_death_capped,genes_ko
22841,2020-02-17,2020-02-20,2020-05-20,NA,2020-05-20,N-TVA::H11LSL-Cas9 f/f;Pten f/f;Ink4a/Arf f/f;ATRX +/+,RCAS-Cre-pENTR-U6-sgRNA-NF1-ex2,RH,90,nf1 KO;pten KO;ink KO;atrx wt
22844,2020-02-17,2020-02-20,2020-06-11,NA,2020-06-11,N-TVA::H11LSL-Cas9 f/f;Pten f/f;Ink4a/Arf f/f;ATRX +/+,RCAS-Cre-pENTR-U6-sgRNA-NF1-ex2,RH,112,nf1 KO;pten KO;ink KO;atrx wt
22845,2020-02-17,2020-02-20,2020-04-05,NA,2020-04-05,N-TVA::H11LSL-Cas9 f/f;Pten f/f;Ink4a/Arf f/f;ATRX +/+,RCAS-Cre-pENTR-U6-sgRNA-NF1-ex2,RH,45,nf1 KO;pten KO;ink KO;atrx wt
22846,2020-02-17,2020-02-20,2020-06-01,NA,2020-05-29,N-TVA::H11LSL-Cas9 f/f;Pten f/f;Ink4a/Arf f/f;ATRX +/+,RCAS-Cre-pENTR-U6-sgRNA-NF1-ex2,RH,102,nf1 KO;pten KO;ink KO;atrx wt
22847,2020-02-17,2020-02-20,2020-06-15,NA,2020-06-11,N-TVA::H11LSL-Cas9 f/f;Pten f/f;Ink4a/Arf f/f;ATRX +/+,RCAS-Cre-pENTR-U6-sgRNA-NF1-ex2,RH,116,nf1 KO;pten KO;ink KO;atrx wt
22921,2020-03-03,2020-03-05,2020-06-17,NA,2020-06-15,N-TVA::H11LSL-Cas9 f/f;Pten f/f;Ink4a/Arf f/f;ATRX f/f,RCAS-Cre-pENTR-U6-sgRNA-NF1-ex2,RH,104,nf1 KO;pten KO;ink KO;atrx KO
22922,2020-03-03,2020-03-05,2020-07-31,NA,NA,N-TVA::H11LSL-Cas9 f/f;Pten f/f;Ink4a/Arf f/f;ATRX f/f,RCAS-Cre-pENTR-U6-sgRNA-NF1-ex2,RH,300,nf1 KO;pten KO;ink KO;atrx KO
22923,2020-03-03,2020-03-05,2020-06-26,NA,2020-06-15,N-TVA::H11LSL-Cas9 f/f;Pten f/f;Ink4a/Arf f/f;ATRX f/f,RCAS-Cre-pENTR-U6-sgRNA-NF1-ex2,RH,113,nf1 KO;pten KO;ink KO;atrx KO
22924,2020-03-03,2020-03-05,2020-07-31,NA,NA,N-TVA::H11LSL-Cas9 f/f;Pten f/f;Ink4a/Arf f/f;ATRX f/f,RCAS-Cre-pENTR-U6-sgRNA-NF1-ex2,RH,300,nf1 KO;pten KO;ink KO;atrx KO
22925,2020-03-03,2020-03-05,2020-06-18,NA,2020-06-16,N-TVA::H11LSL-Cas9 f/f;Pten f/f;Ink4a/Arf f/f;ATRX f/f,RCAS-Cre-pENTR-U6-sgRNA-NF1-ex2,RH,105,nf1 KO;pten KO;ink KO;atrx KO
22926,2020-03-03,2020-03-05,2020-05-24,2020-05-24,NA,N-TVA::H11LSL-Cas9 f/f;Pten f/f;Ink4a/Arf f/f;ATRX f/f,RCAS-Cre-pENTR-U6-sgRNA-NF1-ex2,RH,80,nf1 KO;pten KO;ink KO;atrx KO
23021,2020-03-03,2020-03-05,2020-06-06,2020-05-24,NA,N-TVA::H11LSL-Cas9 f/f;Pten f/f;Ink4a/Arf f/f;ATRX f/f,RCAS-Cre-pENTR-U6-sgRNA-NF1-ex2,RH,93,nf1 KO;pten KO;ink KO;atrx KO
23269,2020-04-01,2020-04-05,2020-09-02,NA,NA,N-TVA::H11LSL-Cas9 f/f;Pten f/f;Ink4a/Arf f/f;ATRX f/f,RCAS-Cre-pENTR-U6-sgRNA-NF1-ex2,RH,300,nf1 KO;pten KO;ink KO;atrx KO
23270,2020-04-01,2020-04-05,2020-07-01,NA,2020-06-29,N-TVA::H11LSL-Cas9 f/f;Pten f/f;Ink4a/Arf f/f;ATRX f/f,RCAS-Cre-pENTR-U6-sgRNA-NF1-ex2,RH,87,nf1 KO;pten KO;ink KO;atrx KO
23271,2020-04-01,2020-04-05,2020-07-21,NA,2020-07-21,N-TVA::H11LSL-Cas9 f/f;Pten f/f;Ink4a/Arf f/f;ATRX f/f,RCAS-Cre-pENTR-U6-sgRNA-NF1-ex2,RH,107,nf1 KO;pten KO;ink KO;atrx KO
23286,2020-04-03,2020-04-05,2020-07-13,NA,2020-06-16,N-TVA::H11LSL-Cas9 f/f;Pten f/f;Ink4a/Arf f/f;ATRX f/f,RCAS-Cre-pENTR-U6-sgRNA-NF1-ex2,RH,99,nf1 KO;pten KO;ink KO;atrx KO
23287,2020-04-03,2020-04-05,2020-07-01,NA,2020-06-17,N-TVA::H11LSL-Cas9 f/f;Pten f/f;Ink4a/Arf f/f;ATRX f/f,RCAS-Cre-pENTR-U6-sgRNA-NF1-ex2,RH,87,nf1 KO;pten KO;ink KO;atrx KO
23288,2020-04-03,2020-04-05,2020-06-15,2020-06-04,NA,N-TVA::H11LSL-Cas9 f/f;Pten f/f;Ink4a/Arf f/f;ATRX f/f,RCAS-Cre-pENTR-U6-sgRNA-NF1-ex2,RH,71,nf1 KO;pten KO;ink KO;atrx KO
23289,2020-04-03,2020-04-05,2020-06-19,NA,2020-06-19,N-TVA::H11LSL-Cas9 f/f;Pten f/f;Ink4a/Arf f/f;ATRX f/f,RCAS-Cre-pENTR-U6-sgRNA-NF1-ex2,RH,75,nf1 KO;pten KO;ink KO;atrx KO
23290,2020-04-03,2020-04-05,2020-07-13,NA,2020-07-13,N-TVA::H11LSL-Cas9 f/f;Pten f/f;Ink4a/Arf f/f;ATRX f/f,RCAS-Cre-pENTR-U6-sgRNA-NF1-ex2,RH,99,nf1 KO;pten KO;ink KO;atrx KO
23291,2020-04-03,2020-04-05,2020-06-29,2020-06-11,NA,N-TVA::H11LSL-Cas9 f/f;Pten f/f;Ink4a/Arf f/f;ATRX f/f,RCAS-Cre-pENTR-U6-sgRNA-NF1-ex2,RH,85,nf1 KO;pten KO;ink KO;atrx KO
23292,2020-04-03,2020-04-05,2020-08-26,NA,2020-08-25,N-TVA::H11LSL-Cas9 f/f;Pten f/f;Ink4a/Arf f/f;ATRX f/f,RCAS-Cre-pENTR-U6-sgRNA-NF1-ex2,RH,143,nf1 KO;pten KO;ink KO;atrx KO
23293,2020-04-03,2020-04-05,2020-06-26,NA,2020-06-16,N-TVA::H11LSL-Cas9 f/f;Pten f/f;Ink4a/Arf f/f;ATRX f/f,RCAS-Cre-pENTR-U6-sgRNA-NF1-ex2,RH,82,nf1 KO;pten KO;ink KO;atrx KO
23294,2020-04-03,2020-04-05,2020-07-21,2020-06-16,NA,N-TVA::H11LSL-Cas9 f/f;Pten f/f;Ink4a/Arf f/f;ATRX f/f,RCAS-Cre-pENTR-U6-sgRNA-NF1-ex2,RH,107,nf1 KO;pten KO;ink KO;atrx KO
23295,2020-04-03,2020-04-05,2020-07-27,2020-06-16,NA,N-TVA::H11LSL-Cas9 f/f;Pten f/f;Ink4a/Arf f/f;ATRX f/f,RCAS-Cre-pENTR-U6-sgRNA-NF1-ex2,RH,113,nf1 KO;pten KO;ink KO;atrx KO
23296,2020-04-03,2020-04-05,2020-06-26,NA,2020-06-17,N-TVA::H11LSL-Cas9 f/f;Pten f/f;Ink4a/Arf f/f;ATRX f/f,RCAS-Cre-pENTR-U6-sgRNA-NF1-ex2,RH,82,nf1 KO;pten KO;ink KO;atrx KO
23297,2020-04-03,2020-04-05,2020-08-21,2020-08-04,2020-08-14,N-TVA::H11LSL-Cas9 f/f;Pten f/f;Ink4a/Arf f/f;ATRX f/f,RCAS-Cre-pENTR-U6-sgRNA-NF1-ex2,RH,138,nf1 KO;pten KO;ink KO;atrx KO
23298,2020-04-03,2020-04-05,2020-07-08,NA,2020-07-06,N-TVA::H11LSL-Cas9 f/f;Pten f/f;Ink4a/Arf f/f;ATRX f/f,RCAS-Cre-pENTR-U6-sgRNA-NF1-ex2,RH,94,nf1 KO;pten KO;ink KO;atrx KO
23299,2020-04-03,2020-04-05,2020-08-07,NA,2020-07-27,N-TVA::H11LSL-Cas9 f/f;Pten f/f;Ink4a/Arf f/f;ATRX f/f,RCAS-Cre-pENTR-U6-sgRNA-NF1-ex2,RH,124,nf1 KO;pten KO;ink KO;atrx KO
23300,2020-04-03,2020-04-05,2020-06-12,NA,2020-06-12,N-TVA::H11LSL-Cas9 f/f;Pten f/f;Ink4a/Arf f/f;ATRX f/f,RCAS-Cre-pENTR-U6-sgRNA-NF1-ex2,RH,68,nf1 KO;pten KO;ink KO;atrx KO
23301,2020-04-03,2020-04-05,2020-07-17,NA,2020-07-08,N-TVA::H11LSL-Cas9 f/f;Pten f/f;Ink4a/Arf f/f;ATRX f/f,RCAS-Cre-pENTR-U6-sgRNA-NF1-ex2,RH,103,nf1 KO;pten KO;ink KO;atrx KO
23397,2020-04-10,2020-04-11,2020-06-26,2020-06-08,2020-06-26,N-TVA::H11LSL-Cas9 f/f;Pten f/f;Ink4a/Arf f/f;ATRX +/+,RCAS-Cre-pENTR-U6-sgRNA-NF1-ex2,RH,76,nf1 KO;pten KO;ink KO;atrx wt
23400,2020-04-10,2020-04-11,2020-06-01,NA,2020-05-20,N-TVA::H11LSL-Cas9 f/f;Pten f/f;Ink4a/Arf f/f;ATRX +/+,RCAS-Cre-pENTR-U6-sgRNA-NF1-ex2,RH,51,nf1 KO;pten KO;ink KO;atrx wt
23460,2020-04-18,2020-04-20,2020-09-09,NA,2020-09-08,N-TVA::H11LSL-Cas9 f/f;Pten f/f;Ink4a/Arf f/f;ATRX +/+,RCAS-Cre-pENTR-U6-sgRNA-NF1-ex2,RH,142,nf1 KO;pten KO;ink KO;atrx wt
23461,2020-04-18,2020-04-20,2020-06-19,NA,2020-06-16,N-TVA::H11LSL-Cas9 f/f;Pten f/f;Ink4a/Arf f/f;ATRX +/+,RCAS-Cre-pENTR-U6-sgRNA-NF1-ex2,RH,60,nf1 KO;pten KO;ink KO;atrx wt
23463,2020-04-18,2020-04-20,2020-06-29,2020-06-04,NA,N-TVA::H11LSL-Cas9 f/f;Pten f/f;Ink4a/Arf f/f;ATRX +/+,RCAS-Cre-pENTR-U6-sgRNA-NF1-ex2,RH,70,nf1 KO;pten KO;ink KO;atrx wt
23464,2020-04-18,2020-04-20,2020-07-08,2020-06-04,2020-07-08,N-TVA::H11LSL-Cas9 f/f;Pten f/f;Ink4a/Arf f/f;ATRX +/+,RCAS-Cre-pENTR-U6-sgRNA-NF1-ex2,RH,79,nf1 KO;pten KO;ink KO;atrx wt
23465,2020-04-18,2020-04-20,2020-06-29,2020-06-04,NA,N-TVA::H11LSL-Cas9 f/f;Pten f/f;Ink4a/Arf f/f;ATRX +/+,RCAS-Cre-pENTR-U6-sgRNA-NF1-ex2,RH,70,nf1 KO;pten KO;ink KO;atrx wt
23466,2020-04-18,2020-04-20,2020-07-21,2020-06-04,2020-07-21,N-TVA::H11LSL-Cas9 f/f;Pten f/f;Ink4a/Arf f/f;ATRX +/+,RCAS-Cre-pENTR-U6-sgRNA-NF1-ex2,RH,92,nf1 KO;pten KO;ink KO;atrx wt
23467,2020-04-19,2020-04-20,2020-08-05,2020-07-08,2020-08-05,N-TVA::H11LSL-Cas9 f/f;Pten f/f;Ink4a/Arf f/f;ATRX f/f,RCAS-Cre-pENTR-U6-sgRNA-NF1-ex2,RH,107,nf1 KO;pten KO;ink KO;atrx KO
23468,2020-04-19,2020-04-20,2020-08-26,NA,2020-08-26,N-TVA::H11LSL-Cas9 f/f;Pten f/f;Ink4a/Arf f/f;ATRX f/f,RCAS-Cre-pENTR-U6-sgRNA-NF1-ex2,RH,128,nf1 KO;pten KO;ink KO;atrx KO
23469,2020-04-19,2020-04-20,2020-07-16,NA,2020-07-15,N-TVA::H11LSL-Cas9 f/f;Pten f/f;Ink4a/Arf f/f;ATRX f/f,RCAS-Cre-pENTR-U6-sgRNA-NF1-ex2,RH,87,nf1 KO;pten KO;ink KO;atrx KO
23470,2020-04-19,2020-04-20,2020-06-29,2020-06-12,2020-06-26,N-TVA::H11LSL-Cas9 f/f;Pten f/f;Ink4a/Arf f/f;ATRX f/f,RCAS-Cre-pENTR-U6-sgRNA-NF1-ex2,RH,70,nf1 KO;pten KO;ink KO;atrx KO
23522,2020-04-22,2020-04-23,2020-06-29,NA,2020-06-29,N-TVA::H11LSL-Cas9 f/f;Pten f/f;Ink4a/Arf f/f;ATRX f/f,RCAS-Cre-pENTR-U6-sgRNA-NF1-ex2,RH,67,nf1 KO;pten KO;ink KO;atrx KO
23523,2020-04-22,2020-04-23,2020-06-19,NA,2020-06-19,N-TVA::H11LSL-Cas9 f/f;Pten f/f;Ink4a/Arf f/f;ATRX f/f,RCAS-Cre-pENTR-U6-sgRNA-NF1-ex2,RH,57,nf1 KO;pten KO;ink KO;atrx KO
23524,2020-04-22,2020-04-23,2020-07-16,NA,2020-07-08,N-TVA::H11LSL-Cas9 f/f;Pten f/f;Ink4a/Arf f/f;ATRX f/f,RCAS-Cre-pENTR-U6-sgRNA-NF1-ex2,RH,84,nf1 KO;pten KO;ink KO;atrx KO
23525,2020-04-22,2020-04-23,2020-09-17,NA,2020-08-20,N-TVA::H11LSL-Cas9 f/f;Pten f/f;Ink4a/Arf f/f;ATRX f/f,RCAS-Cre-pENTR-U6-sgRNA-NF1-ex2,RH,147,nf1 KO;pten KO;ink KO;atrx KO
23526,2020-04-22,2020-04-23,2020-07-06,2020-06-04,NA,N-TVA::H11LSL-Cas9 f/f;Pten f/f;Ink4a/Arf f/f;ATRX f/f,RCAS-Cre-pENTR-U6-sgRNA-NF1-ex2,RH,74,nf1 KO;pten KO;ink KO;atrx KO
23527,2020-04-22,2020-04-23,2020-07-27,2020-06-04,2020-07-21,N-TVA::H11LSL-Cas9 f/f;Pten f/f;Ink4a/Arf f/f;ATRX f/f,RCAS-Cre-pENTR-U6-sgRNA-NF1-ex2,RH,95,nf1 KO;pten KO;ink KO;atrx KO
23528,2020-04-22,2020-04-23,2020-08-11,2020-08-04,2020-06-25,N-TVA::H11LSL-Cas9 f/f;Pten f/f;Ink4a/Arf f/f;ATRX f/f,RCAS-Cre-pENTR-U6-sgRNA-NF1-ex2,RH,110,nf1 KO;pten KO;ink KO;atrx KO
23783,2020-05-23,2020-05-24,2020-08-09,NA,2020-08-07,N-TVA::H11LSL-Cas9 f/f;Pten f/f;Ink4a/Arf f/f;ATRX +/+,RCAS-Cre-pENTR-U6-sgRNA-NF1-ex2,RH,77,nf1 KO;pten KO;ink KO;atrx wt
23784,2020-05-23,2020-05-24,2020-08-17,NA,2020-08-14,N-TVA::H11LSL-Cas9 f/f;Pten f/f;Ink4a/Arf f/f;ATRX +/+,RCAS-Cre-pENTR-U6-sgRNA-NF1-ex2,RH,85,nf1 KO;pten KO;ink KO;atrx wt
23785,2020-05-23,2020-05-24,2020-08-13,NA,2020-08-07,N-TVA::H11LSL-Cas9 f/f;Pten f/f;Ink4a/Arf f/f;ATRX +/+,RCAS-Cre-pENTR-U6-sgRNA-NF1-ex2,RH,81,nf1 KO;pten KO;ink KO;atrx wt
23786,2020-05-23,2020-05-24,2020-07-27,2020-07-20,NA,N-TVA::H11LSL-Cas9 f/f;Pten f/f;Ink4a/Arf f/f;ATRX +/+,RCAS-Cre-pENTR-U6-sgRNA-NF1-ex2,RH,64,nf1 KO;pten KO;ink KO;atrx wt
23787,2020-05-23,2020-05-24,2020-08-04,NA,2020-07-30,N-TVA::H11LSL-Cas9 f/f;Pten f/f;Ink4a/Arf f/f;ATRX +/+,RCAS-Cre-pENTR-U6-sgRNA-NF1-ex2,RH,72,nf1 KO;pten KO;ink KO;atrx wt
23788,2020-05-23,2020-05-24,2020-06-21,NA,NA,N-TVA::H11LSL-Cas9 f/f;Pten f/f;Ink4a/Arf f/f;ATRX +/+,RCAS-Cre-pENTR-U6-sgRNA-NF1-ex2,RH,28,nf1 KO;pten KO;ink KO;atrx wt
23789,2020-05-23,2020-05-24,2020-07-27,NA,2020-07-27,N-TVA::H11LSL-Cas9 f/f;Pten f/f;Ink4a/Arf f/f;ATRX +/+,RCAS-Cre-pENTR-U6-sgRNA-NF1-ex2,RH,64,nf1 KO;pten KO;ink KO;atrx wt
23790,2020-05-23,2020-05-24,2020-08-13,2020-07-27,2020-08-13,N-TVA::H11LSL-Cas9 f/f;Pten f/f;Ink4a/Arf f/f;ATRX +/+,RCAS-Cre-pENTR-U6-sgRNA-NF1-ex2,RH,81,nf1 KO;pten KO;ink KO;atrx wt
23791,2020-05-23,2020-05-24,2020-07-31,NA,2020-07-27,N-TVA::H11LSL-Cas9 f/f;Pten f/f;Ink4a/Arf f/f;ATRX +/+,RCAS-Cre-pENTR-U6-sgRNA-NF1-ex2,RH,68,nf1 KO;pten KO;ink KO;atrx wt
23792,2020-05-23,2020-05-24,2020-08-13,NA,2020-08-05,N-TVA::H11LSL-Cas9 f/f;Pten f/f;Ink4a/Arf f/f;ATRX +/+,RCAS-Cre-pENTR-U6-sgRNA-NF1-ex2,RH,81,nf1 KO;pten KO;ink KO;atrx wt
23822,2020-05-28,2020-05-29,2020-08-11,NA,2020-07-27,N-TVA::H11LSL-Cas9 f/f;Pten f/f;Ink4a/Arf f/f;ATRX +/+,RCAS-Cre-pENTR-U6-sgRNA-NF1-ex2,RH,74,nf1 KO;pten KO;ink KO;atrx wt
23823,2020-05-28,2020-05-29,2020-07-21,2020-07-21,2020-07-21,N-TVA::H11LSL-Cas9 f/f;Pten f/f;Ink4a/Arf f/f;ATRX +/+,RCAS-Cre-pENTR-U6-sgRNA-NF1-ex2,RH,53,nf1 KO;pten KO;ink KO;atrx wt
23824,2020-05-28,2020-05-29,2020-07-16,NA,2020-07-08,N-TVA::H11LSL-Cas9 f/f;Pten f/f;Ink4a/Arf f/f;ATRX +/+,RCAS-Cre-pENTR-U6-sgRNA-NF1-ex2,RH,48,nf1 KO;pten KO;ink KO;atrx wt
23826,2020-05-28,2020-05-29,2020-07-31,NA,2020-07-23,N-TVA::H11LSL-Cas9 f/f;Pten f/f;Ink4a/Arf f/f;ATRX +/+,RCAS-Cre-pENTR-U6-sgRNA-NF1-ex2,RH,63,nf1 KO;pten KO;ink KO;atrx wt
23828,2020-05-28,2020-05-29,2020-08-21,NA,2020-07-23,N-TVA::H11LSL-Cas9 f/f;Pten f/f;Ink4a/Arf f/f;ATRX +/+,RCAS-Cre-pENTR-U6-sgRNA-NF1-ex2,RH,84,nf1 KO;pten KO;ink KO;atrx wt
23866,2020-05-30,2020-06-01,2020-08-07,2020-07-27,NA,N-TVA::H11LSL-Cas9 f/f;Pten f/f;Ink4a/Arf f/f;ATRX +/+,RCAS-Cre-pENTR-U6-sgRNA-NF1-ex2,RH,67,nf1 KO;pten KO;ink KO;atrx wt
23867,2020-05-30,2020-06-01,2020-08-05,NA,2020-07-28,N-TVA::H11LSL-Cas9 f/f;Pten f/f;Ink4a/Arf f/f;ATRX +/+,RCAS-Cre-pENTR-U6-sgRNA-NF1-ex2,RH,65,nf1 KO;pten KO;ink KO;atrx wt
23964,2020-06-15,2020-06-18,2020-09-02,NA,2020-09-01,N-TVA::H11LSL-Cas9 f/f;Pten f/f;Ink4a/Arf f/f;ATRX +/+,RCAS-Cre-pENTR-U6-sgRNA-NF1-ex2,RH,76,nf1 KO;pten KO;ink KO;atrx wt
23965,2020-06-15,2020-06-18,2020-09-15,NA,2020-09-14,N-TVA::H11LSL-Cas9 f/f;Pten f/f;Ink4a/Arf f/f;ATRX +/+,RCAS-Cre-pENTR-U6-sgRNA-NF1-ex2,RH,89,nf1 KO;pten KO;ink KO;atrx wt
23966,2020-06-15,2020-06-18,2020-10-02,NA,2020-09-15,N-TVA::H11LSL-Cas9 f/f;Pten f/f;Ink4a/Arf f/f;ATRX +/+,RCAS-Cre-pENTR-U6-sgRNA-NF1-ex2,RH,106,nf1 KO;pten KO;ink KO;atrx wt
23967,2020-06-15,2020-06-18,2020-09-15,2020-08-07,NA,N-TVA::H11LSL-Cas9 f/f;Pten f/f;Ink4a/Arf f/f;ATRX +/+,RCAS-Cre-pENTR-U6-sgRNA-NF1-ex2,RH,89,nf1 KO;pten KO;ink KO;atrx wt
23968,2020-06-15,2020-06-18,2020-09-08,NA,2020-09-02,N-TVA::H11LSL-Cas9 f/f;Pten f/f;Ink4a/Arf f/f;ATRX +/+,RCAS-Cre-pENTR-U6-sgRNA-NF1-ex2,RH,82,nf1 KO;pten KO;ink KO;atrx wt
23969,2020-06-15,2020-06-18,2020-09-02,NA,2020-09-01,N-TVA::H11LSL-Cas9 f/f;Pten f/f;Ink4a/Arf f/f;ATRX +/+,RCAS-Cre-pENTR-U6-sgRNA-NF1-ex2,RH,76,nf1 KO;pten KO;ink KO;atrx wt
23970,2020-06-15,2020-06-18,2020-08-24,2020-07-28,NA,N-TVA::H11LSL-Cas9 f/f;Pten f/f;Ink4a/Arf f/f;ATRX +/+,RCAS-Cre-pENTR-U6-sgRNA-NF1-ex2,RH,67,nf1 KO;pten KO;ink KO;atrx wt
23971,2020-06-15,2020-06-18,2020-09-02,NA,2020-09-01,N-TVA::H11LSL-Cas9 f/f;Pten f/f;Ink4a/Arf f/f;ATRX +/+,RCAS-Cre-pENTR-U6-sgRNA-NF1-ex2,RH,76,nf1 KO;pten KO;ink KO;atrx wt
24801,2020-09-22,2020-09-22,2021-03-05,NA,NA,N-TVA::H11LSL-Cas9 f/f;Pten f/f;Ink4a/Arf f/f;ATRX +/+,RCAS-Cre,RE,300,nf1 wt;pten KO;ink KO;atrx wt
24802,2020-09-22,2020-09-22,2021-03-05,NA,NA,N-TVA::H11LSL-Cas9 f/f;Pten f/f;Ink4a/Arf f/f;ATRX +/+,RCAS-Cre,RE,300,nf1 wt;pten KO;ink KO;atrx wt
24803,2020-09-22,2020-09-22,2021-03-05,NA,NA,N-TVA::H11LSL-Cas9 f/f;Pten f/f;Ink4a/Arf f/f;ATRX +/+,RCAS-Cre,RE,300,nf1 wt;pten KO;ink KO;atrx wt
24805,2020-09-22,2020-09-22,2021-03-05,NA,NA,N-TVA::H11LSL-Cas9 f/f;Pten f/f;Ink4a/Arf f/f;ATRX +/+,RCAS-Cre,RE,300,nf1 wt;pten KO;ink KO;atrx wt
24807,2020-09-22,2020-09-22,2021-03-05,NA,NA,N-TVA::H11LSL-Cas9 f/f;Pten f/f;Ink4a/Arf f/f;ATRX +/+,RCAS-Cre,RE,300,nf1 wt;pten KO;ink KO;atrx wt
24986,2020-10-11,2020-10-12,2020-12-18,NA,2020-12-18,N-TVA::H11LSL-Cas9 f/f;Pten f/f;Ink4a/Arf f/f;ATRX +/+,RCAS-Cre-pENTR-U6-sgRNA-NF1-ex2,RH,67,nf1 KO;pten KO;ink KO;atrx wt
24987,2020-10-11,2020-10-12,2020-12-18,NA,2020-12-18,N-TVA::H11LSL-Cas9 f/f;Pten f/f;Ink4a/Arf f/f;ATRX +/+,RCAS-Cre-pENTR-U6-sgRNA-NF1-ex2,RH,67,nf1 KO;pten KO;ink KO;atrx wt
24988,2020-10-11,2020-10-12,2021-02-16,NA,2021-02-16,N-TVA::H11LSL-Cas9 f/f;Pten f/f;Ink4a/Arf f/f;ATRX +/+,RCAS-Cre-pENTR-U6-sgRNA-NF1-ex2,RH,127,nf1 KO;pten KO;ink KO;atrx wt
24989,2020-10-11,2020-10-12,2020-12-24,2020-12-09,NA,N-TVA::H11LSL-Cas9 f/f;Pten f/f;Ink4a/Arf f/f;ATRX +/+,RCAS-Cre-pENTR-U6-sgRNA-NF1-ex2,RH,73,nf1 KO;pten KO;ink KO;atrx wt
25025,2020-10-13,2020-10-14,2021-01-27,2021-01-21,2021-01-27,N-TVA::H11LSL-Cas9 f/f;Pten f/f;Ink4a/Arf f/f;ATRX f/f,RCAS-Cre-pENTR-U6-sgRNA-NF1-ex2,RH,105,nf1 KO;pten KO;ink KO;atrx KO
25026,2020-10-13,2020-10-14,2021-01-04,2020-12-09,NA,N-TVA::H11LSL-Cas9 f/f;Pten f/f;Ink4a/Arf f/f;ATRX f/f,RCAS-Cre-pENTR-U6-sgRNA-NF1-ex2,RH,82,nf1 KO;pten KO;ink KO;atrx KO
25027,2020-10-13,2020-10-14,2020-12-30,2020-12-15,NA,N-TVA::H11LSL-Cas9 f/f;Pten f/f;Ink4a/Arf f/f;ATRX f/f,RCAS-Cre-pENTR-U6-sgRNA-NF1-ex2,RH,77,nf1 KO;pten KO;ink KO;atrx KO
25028,2020-10-13,2020-10-14,2021-02-01,NA,2021-01-29,N-TVA::H11LSL-Cas9 f/f;Pten f/f;Ink4a/Arf f/f;ATRX f/f,RCAS-Cre-pENTR-U6-sgRNA-NF1-ex2,RH,110,nf1 KO;pten KO;ink KO;atrx KO
25029,2020-10-13,2020-10-14,2020-12-28,2020-12-09,NA,N-TVA::H11LSL-Cas9 f/f;Pten f/f;Ink4a/Arf f/f;ATRX f/f,RCAS-Cre-pENTR-U6-sgRNA-NF1-ex2,RH,75,nf1 KO;pten KO;ink KO;atrx KO
25031,2020-10-13,2020-10-14,2020-12-30,2020-12-09,NA,N-TVA::H11LSL-Cas9 f/f;Pten f/f;Ink4a/Arf f/f;ATRX f/f,RCAS-Cre-pENTR-U6-sgRNA-NF1-ex2,RH,77,nf1 KO;pten KO;ink KO;atrx KO
25033,2020-10-13,2020-10-14,2021-01-06,NA,2021-01-04,N-TVA::H11LSL-Cas9 f/f;Pten f/f;Ink4a/Arf f/f;ATRX f/f,RCAS-Cre-pENTR-U6-sgRNA-NF1-ex2,RH,84,nf1 KO;pten KO;ink KO;atrx KO
25034,2020-10-13,2020-10-14,2021-01-04,NA,2021-01-04,N-TVA::H11LSL-Cas9 f/f;Pten f/f;Ink4a/Arf f/f;ATRX f/f,RCAS-Cre-pENTR-U6-sgRNA-NF1-ex2,RH,82,nf1 KO;pten KO;ink KO;atrx KO
25080,2020-10-19,2020-10-19,2021-03-18,NA,NA,N-TVA::H11LSL-Cas9 f/f;Pten f/f;Ink4a/Arf f/f;ATRX +/+,RCAS-Cre,RE,300,nf1 wt;pten KO;ink KO;atrx wt
25081,2020-10-19,2020-10-19,2021-03-18,NA,NA,N-TVA::H11LSL-Cas9 f/f;Pten f/f;Ink4a/Arf f/f;ATRX +/+,RCAS-Cre,RE,300,nf1 wt;pten KO;ink KO;atrx wt
25082,2020-10-19,2020-10-19,2021-03-18,NA,NA,N-TVA::H11LSL-Cas9 f/f;Pten f/f;Ink4a/Arf f/f;ATRX +/+,RCAS-Cre,RE,300,nf1 wt;pten KO;ink KO;atrx wt
25083,2020-10-19,2020-10-19,2021-03-18,NA,NA,N-TVA::H11LSL-Cas9 f/f;Pten f/f;Ink4a/Arf f/f;ATRX +/+,RCAS-Cre,RE,300,nf1 wt;pten KO;ink KO;atrx wt
25084,2020-10-19,2020-10-19,2021-03-18,NA,NA,N-TVA::H11LSL-Cas9 f/f;Pten f/f;Ink4a/Arf f/f;ATRX +/+,RCAS-Cre,RE,300,nf1 wt;pten KO;ink KO;atrx wt
25085,2020-10-19,2020-10-19,2021-03-18,NA,NA,N-TVA::H11LSL-Cas9 f/f;Pten f/f;Ink4a/Arf f/f;ATRX +/+,RCAS-Cre,RE,300,nf1 wt;pten KO;ink KO;atrx wt
25086,2020-10-19,2020-10-19,2021-03-18,NA,NA,N-TVA::H11LSL-Cas9 f/f;Pten f/f;Ink4a/Arf f/f;ATRX +/+,RCAS-Cre,RE,300,nf1 wt;pten KO;ink KO;atrx wt
25087,2020-10-20,2020-10-20,2021-03-19,NA,NA,N-TVA::H11LSL-Cas9 f/f;Pten f/f;Ink4a/Arf f/f;ATRX f/f,RCAS-Cre,RE,300,nf1 wt;pten KO;ink KO;atrx KO
25088,2020-10-20,2020-10-20,2021-03-19,NA,NA,N-TVA::H11LSL-Cas9 f/f;Pten f/f;Ink4a/Arf f/f;ATRX f/f,RCAS-Cre,RE,300,nf1 wt;pten KO;ink KO;atrx KO
25089,2020-10-20,2020-10-20,2021-03-19,NA,NA,N-TVA::H11LSL-Cas9 f/f;Pten f/f;Ink4a/Arf f/f;ATRX f/f,RCAS-Cre,RE,300,nf1 wt;pten KO;ink KO;atrx KO
25090,2020-10-20,2020-10-20,2021-03-19,NA,NA,N-TVA::H11LSL-Cas9 f/f;Pten f/f;Ink4a/Arf f/f;ATRX f/f,RCAS-Cre,RE,300,nf1 wt;pten KO;ink KO;atrx KO
25091,2020-10-20,2020-10-20,2021-03-19,NA,NA,N-TVA::H11LSL-Cas9 f/f;Pten f/f;Ink4a/Arf f/f;ATRX f/f,RCAS-Cre,RE,300,nf1 wt;pten KO;ink KO;atrx KO
25092,2020-10-20,2020-10-20,2021-03-19,NA,NA,N-TVA::H11LSL-Cas9 f/f;Pten f/f;Ink4a/Arf f/f;ATRX f/f,RCAS-Cre,RE,300,nf1 wt;pten KO;ink KO;atrx KO
25214,2020-11-05,2020-11-05,2021-04-05,NA,NA,N-TVA::H11LSL-Cas9 f/f;Pten f/f;Ink4a/Arf f/f;ATRX +/+,RCAS-Cre,RE,300,nf1 wt;pten KO;ink KO;atrx wt
25215,2020-11-05,2020-11-05,2021-04-05,NA,NA,N-TVA::H11LSL-Cas9 f/f;Pten f/f;Ink4a/Arf f/f;ATRX +/+,RCAS-Cre,RE,300,nf1 wt;pten KO;ink KO;atrx wt
25216,2020-11-05,2020-11-05,2021-04-05,NA,NA,N-TVA::H11LSL-Cas9 f/f;Pten f/f;Ink4a/Arf f/f;ATRX +/+,RCAS-Cre,RE,300,nf1 wt;pten KO;ink KO;atrx wt
25217,2020-11-05,2020-11-06,2021-01-17,NA,NA,N-TVA::H11LSL-Cas9 f/f;Pten f/f;Ink4a/Arf f/f;ATRX +/+,RCAS-Cre,RH,72,nf1 wt;pten KO;ink KO;atrx wt
25218,2020-11-05,2020-11-05,2021-04-05,NA,NA,N-TVA::H11LSL-Cas9 f/f;Pten f/f;Ink4a/Arf f/f;ATRX +/+,RCAS-Cre,RE,300,nf1 wt;pten KO;ink KO;atrx wt
25219,2020-11-05,2020-11-06,2021-01-20,NA,NA,N-TVA::H11LSL-Cas9 f/f;Pten f/f;Ink4a/Arf f/f;ATRX +/+,RCAS-Cre,RH,75,nf1 wt;pten KO;ink KO;atrx wt
25220,2020-11-05,2020-11-05,2021-04-05,NA,NA,N-TVA::H11LSL-Cas9 f/f;Pten f/f;Ink4a/Arf f/f;ATRX +/+,RCAS-Cre,RE,300,nf1 wt;pten KO;ink KO;atrx wt
25221,2020-11-05,2020-11-05,2021-04-05,NA,NA,N-TVA::H11LSL-Cas9 f/f;Pten f/f;Ink4a/Arf f/f;ATRX +/+,RCAS-Cre,RE,300,nf1 wt;pten KO;ink KO;atrx wt
25238,2020-11-06,2020-11-06,2021-03-03,2021-02-03,NA,N-TVA::H11LSL-Cas9 f/f;Pten f/f;Ink4a/Arf f/f;ATRX f/f,RCAS-Cre,RE,117,nf1 wt;pten KO;ink KO;atrx KO
25239,2020-11-06,2020-11-06,2021-04-05,NA,NA,N-TVA::H11LSL-Cas9 f/f;Pten f/f;Ink4a/Arf f/f;ATRX f/f,RCAS-Cre,RE,300,nf1 wt;pten KO;ink KO;atrx KO
25240,2020-11-06,2020-11-06,2021-04-05,NA,NA,N-TVA::H11LSL-Cas9 f/f;Pten f/f;Ink4a/Arf f/f;ATRX f/f,RCAS-Cre,RE,300,nf1 wt;pten KO;ink KO;atrx KO
25241,2020-11-06,2020-11-06,2021-04-05,NA,NA,N-TVA::H11LSL-Cas9 f/f;Pten f/f;Ink4a/Arf f/f;ATRX f/f,RCAS-Cre,RE,300,nf1 wt;pten KO;ink KO;atrx KO
25242,2020-11-06,2020-11-06,2021-04-05,NA,NA,N-TVA::H11LSL-Cas9 f/f;Pten f/f;Ink4a/Arf f/f;ATRX f/f,RCAS-Cre,RE,300,nf1 wt;pten KO;ink KO;atrx KO
25258,2020-11-06,2020-11-09,2021-04-05,NA,NA,N-TVA::H11LSL-Cas9 f/f;Pten f/f;Ink4a/Arf f/f;ATRX f/f,RCAS-Cre,RE,300,nf1 wt;pten KO;ink KO;atrx KO
25259,2020-11-06,2020-11-09,2021-04-05,NA,NA,N-TVA::H11LSL-Cas9 f/f;Pten f/f;Ink4a/Arf f/f;ATRX f/f,RCAS-Cre,RE,300,nf1 wt;pten KO;ink KO;atrx KO
25260,2020-11-06,2020-11-09,2021-02-01,2021-01-20,NA,N-TVA::H11LSL-Cas9 f/f;Pten f/f;Ink4a/Arf f/f;ATRX f/f,RCAS-Cre,RH,84,nf1 wt;pten KO;ink KO;atrx KO
25261,2020-11-06,2020-11-09,2021-04-05,NA,NA,N-TVA::H11LSL-Cas9 f/f;Pten f/f;Ink4a/Arf f/f;ATRX f/f,RCAS-Cre,RE,300,nf1 wt;pten KO;ink KO;atrx KO
25262,2020-11-06,2020-11-09,2021-04-05,NA,NA,N-TVA::H11LSL-Cas9 f/f;Pten f/f;Ink4a/Arf f/f;ATRX f/f,RCAS-Cre,RE,300,nf1 wt;pten KO;ink KO;atrx KO
25263,2020-11-06,2020-11-09,2021-04-05,NA,NA,N-TVA::H11LSL-Cas9 f/f;Pten f/f;Ink4a/Arf f/f;ATRX f/f,RCAS-Cre,RE,300,nf1 wt;pten KO;ink KO;atrx KO
25264,2020-11-06,2020-11-09,2021-04-05,NA,NA,N-TVA::H11LSL-Cas9 f/f;Pten f/f;Ink4a/Arf f/f;ATRX f/f,RCAS-Cre,RE,300,nf1 wt;pten KO;ink KO;atrx KO
25266,2020-11-07,2020-11-09,2021-04-06,NA,NA,N-TVA::H11LSL-Cas9 f/f;Pten f/f;Ink4a/Arf f/f;ATRX +/+,RCAS-Cre,RE,300,nf1 wt;pten KO;ink KO;atrx wt
25267,2020-11-07,2020-11-09,2021-04-06,NA,NA,N-TVA::H11LSL-Cas9 f/f;Pten f/f;Ink4a/Arf f/f;ATRX +/+,RCAS-Cre,RE,300,nf1 wt;pten KO;ink KO;atrx wt
25268,2020-11-07,2020-11-09,2021-04-06,NA,NA,N-TVA::H11LSL-Cas9 f/f;Pten f/f;Ink4a/Arf f/f;ATRX +/+,RCAS-Cre,RE,300,nf1 wt;pten KO;ink KO;atrx wt
25269,2020-11-07,2020-11-09,2021-04-06,NA,NA,N-TVA::H11LSL-Cas9 f/f;Pten f/f;Ink4a/Arf f/f;ATRX +/+,RCAS-Cre,RE,300,nf1 wt;pten KO;ink KO;atrx wt
25270,2020-11-07,2020-11-09,2020-12-05,NA,NA,N-TVA::H11LSL-Cas9 f/f;Pten f/f;Ink4a/Arf f/f;ATRX +/+,RCAS-Cre,RH,26,nf1 wt;pten KO;ink KO;atrx wt
25271,2020-11-07,2020-11-09,2021-04-06,NA,NA,N-TVA::H11LSL-Cas9 f/f;Pten f/f;Ink4a/Arf f/f;ATRX +/+,RCAS-Cre,RE,300,nf1 wt;pten KO;ink KO;atrx wt
25272,2020-11-07,2020-11-09,2021-04-06,NA,NA,N-TVA::H11LSL-Cas9 f/f;Pten f/f;Ink4a/Arf f/f;ATRX +/+,RCAS-Cre,RE,300,nf1 wt;pten KO;ink KO;atrx wt
25274,2020-11-07,2020-11-09,2021-04-06,NA,NA,N-TVA::H11LSL-Cas9 f/f;Pten f/f;Ink4a/Arf f/f;ATRX +/+,RCAS-Cre,RE,300,nf1 wt;pten KO;ink KO;atrx wt
25304,2020-11-10,2020-11-11,2021-04-09,NA,NA,N-TVA::H11LSL-Cas9 f/f;Pten f/f;Ink4a/Arf f/f;ATRX +/+,RCAS-Cre,RE,300,nf1 wt;pten KO;ink KO;atrx wt
25305,2020-11-10,2020-11-11,2021-04-09,NA,NA,N-TVA::H11LSL-Cas9 f/f;Pten f/f;Ink4a/Arf f/f;ATRX +/+,RCAS-Cre,RE,300,nf1 wt;pten KO;ink KO;atrx wt
25307,2020-11-10,2020-11-11,2021-04-09,NA,NA,N-TVA::H11LSL-Cas9 f/f;Pten f/f;Ink4a/Arf f/f;ATRX +/+,RCAS-Cre,RE,300,nf1 wt;pten KO;ink KO;atrx wt
25308,2020-11-10,2020-11-11,2021-04-09,NA,NA,N-TVA::H11LSL-Cas9 f/f;Pten f/f;Ink4a/Arf f/f;ATRX +/+,RCAS-Cre,RE,300,nf1 wt;pten KO;ink KO;atrx wt
25309,2020-11-10,2020-11-11,2021-04-09,NA,NA,N-TVA::H11LSL-Cas9 f/f;Pten f/f;Ink4a/Arf f/f;ATRX +/+,RCAS-Cre,RE,300,nf1 wt;pten KO;ink KO;atrx wt
25310,2020-11-10,2020-11-11,2021-04-09,NA,NA,N-TVA::H11LSL-Cas9 f/f;Pten f/f;Ink4a/Arf f/f;ATRX +/+,RCAS-Cre,RE,300,nf1 wt;pten KO;ink KO;atrx wt
25328,2020-11-13,2020-11-13,2021-04-12,NA,NA,N-TVA::H11LSL-Cas9 f/f;Pten f/f;Ink4a/Arf f/f;ATRX f/f,RCAS-Cre,RE,300,nf1 wt;pten KO;ink KO;atrx KO
25499,2020-12-02,2020-12-03,2021-01-01,NA,NA,N-TVA::H11LSL-Cas9 f/f;Pten f/f;Ink4a/Arf f/f;ATRX f/f,RCAS-Cre-pENTR-U6-sgRNA-NF1-ex2,RH,29,nf1 KO;pten KO;ink KO;atrx KO
25500,2020-12-02,2020-12-03,2021-01-01,NA,NA,N-TVA::H11LSL-Cas9 f/f;Pten f/f;Ink4a/Arf f/f;ATRX f/f,RCAS-Cre-pENTR-U6-sgRNA-NF1-ex2,RH,29,nf1 KO;pten KO;ink KO;atrx KO
25501,2020-12-02,2020-12-03,2021-04-07,2021-03-15,NA,N-TVA::H11LSL-Cas9 f/f;Pten f/f;Ink4a/Arf f/f;ATRX f/f,RCAS-Cre-pENTR-U6-sgRNA-NF1-ex2,RH,125,nf1 KO;pten KO;ink KO;atrx KO
25502,2020-12-02,2020-12-03,2021-01-01,NA,NA,N-TVA::H11LSL-Cas9 f/f;Pten f/f;Ink4a/Arf f/f;ATRX f/f,RCAS-Cre-pENTR-U6-sgRNA-NF1-ex2,RH,29,nf1 KO;pten KO;ink KO;atrx KO
25503,2020-12-02,2020-12-03,2021-03-04,2021-03-04,NA,N-TVA::H11LSL-Cas9 f/f;Pten f/f;Ink4a/Arf f/f;ATRX f/f,RCAS-Cre-pENTR-U6-sgRNA-NF1-ex2,RH,91,nf1 KO;pten KO;ink KO;atrx KO
25504,2020-12-02,2020-12-03,2021-02-01,2021-01-29,NA,N-TVA::H11LSL-Cas9 f/f;Pten f/f;Ink4a/Arf f/f;ATRX f/f,RCAS-Cre-pENTR-U6-sgRNA-NF1-ex2,RH,60,nf1 KO;pten KO;ink KO;atrx KO
25505,2020-12-02,2020-12-03,2021-03-04,NA,2021-02-19,N-TVA::H11LSL-Cas9 f/f;Pten f/f;Ink4a/Arf f/f;ATRX f/f,RCAS-Cre-pENTR-U6-sgRNA-NF1-ex2,RH,91,nf1 KO;pten KO;ink KO;atrx KO
25548,2020-12-04,2020-12-04,2021-05-10,NA,NA,N-TVA::H11LSL-Cas9 f/f;Pten f/f;Ink4a/Arf f/f;ATRX f/f,RCAS-Cre,RE,300,nf1 wt;pten KO;ink KO;atrx KO
25549,2020-12-04,2020-12-04,2021-05-10,NA,NA,N-TVA::H11LSL-Cas9 f/f;Pten f/f;Ink4a/Arf f/f;ATRX f/f,RCAS-Cre,RE,300,nf1 wt;pten KO;ink KO;atrx KO
25550,2020-12-04,2020-12-04,2021-05-10,NA,NA,N-TVA::H11LSL-Cas9 f/f;Pten f/f;Ink4a/Arf f/f;ATRX f/f,RCAS-Cre,RE,300,nf1 wt;pten KO;ink KO;atrx KO
25595,2020-12-09,2020-12-10,2021-05-10,NA,NA,N-TVA::H11LSL-Cas9 f/f;Pten f/f;Ink4a/Arf f/f;ATRX f/f,RCAS-Cre,RE,300,nf1 wt;pten KO;ink KO;atrx KO
25596,2020-12-09,2020-12-10,2021-05-10,NA,NA,N-TVA::H11LSL-Cas9 f/f;Pten f/f;Ink4a/Arf f/f;ATRX f/f,RCAS-Cre,RE,300,nf1 wt;pten KO;ink KO;atrx KO
25597,2020-12-09,2020-12-10,2021-05-10,NA,NA,N-TVA::H11LSL-Cas9 f/f;Pten f/f;Ink4a/Arf f/f;ATRX f/f,RCAS-Cre,RE,300,nf1 wt;pten KO;ink KO;atrx KO
25598,2020-12-09,2020-12-10,2021-05-10,NA,NA,N-TVA::H11LSL-Cas9 f/f;Pten f/f;Ink4a/Arf f/f;ATRX f/f,RCAS-Cre,RE,300,nf1 wt;pten KO;ink KO;atrx KO
25687,2020-12-19,2020-12-22,2021-05-20,NA,NA,N-TVA::H11LSL-Cas9 f/f;Pten f/f;Ink4a/Arf f/f;ATRX +/+,RCAS-Cre-pENTR-U6-sgRNA-NF1-ex2,RH,300,nf1 KO;pten KO;ink KO;atrx wt
25688,2020-12-19,2020-12-22,2021-05-20,2021-05-19,NA,N-TVA::H11LSL-Cas9 f/f;Pten f/f;Ink4a/Arf f/f;ATRX +/+,RCAS-Cre-pENTR-U6-sgRNA-NF1-ex2,RH,300,nf1 KO;pten KO;ink KO;atrx wt
25689,2020-12-19,2020-12-22,2021-02-10,NA,2021-02-09,N-TVA::H11LSL-Cas9 f/f;Pten f/f;Ink4a/Arf f/f;ATRX +/+,RCAS-Cre-pENTR-U6-sgRNA-NF1-ex2,RH,50,nf1 KO;pten KO;ink KO;atrx wt
25690,2020-12-19,2020-12-22,2021-04-13,NA,2021-04-07,N-TVA::H11LSL-Cas9 f/f;Pten f/f;Ink4a/Arf f/f;ATRX +/+,RCAS-Cre-pENTR-U6-sgRNA-NF1-ex2,RH,112,nf1 KO;pten KO;ink KO;atrx wt
25691,2020-12-19,2020-12-22,2021-04-07,NA,2021-04-07,N-TVA::H11LSL-Cas9 f/f;Pten f/f;Ink4a/Arf f/f;ATRX +/+,RCAS-Cre-pENTR-U6-sgRNA-NF1-ex2,RH,106,nf1 KO;pten KO;ink KO;atrx wt
25692,2020-12-19,2020-12-22,2021-04-12,NA,NA,N-TVA::H11LSL-Cas9 f/f;Pten f/f;Ink4a/Arf f/f;ATRX +/+,RCAS-Cre-pENTR-U6-sgRNA-NF1-ex2,RH,111,nf1 KO;pten KO;ink KO;atrx wt
25693,2020-12-19,2020-12-22,2021-03-22,NA,2021-03-22,N-TVA::H11LSL-Cas9 f/f;Pten f/f;Ink4a/Arf f/f;ATRX +/+,RCAS-Cre-pENTR-U6-sgRNA-NF1-ex2,RH,90,nf1 KO;pten KO;ink KO;atrx wt
25694,2020-12-19,2020-12-22,2021-04-09,NA,2021-04-07,N-TVA::H11LSL-Cas9 f/f;Pten f/f;Ink4a/Arf f/f;ATRX +/+,RCAS-Cre-pENTR-U6-sgRNA-NF1-ex2,RH,108,nf1 KO;pten KO;ink KO;atrx wt
25695,2020-12-19,2020-12-22,2021-03-29,NA,2021-03-15,N-TVA::H11LSL-Cas9 f/f;Pten f/f;Ink4a/Arf f/f;ATRX +/+,RCAS-Cre-pENTR-U6-sgRNA-NF1-ex2,RH,97,nf1 KO;pten KO;ink KO;atrx wt
25741,2020-12-26,2020-12-28,2021-05-21,NA,2021-05-21,N-TVA::H11LSL-Cas9 f/f;Pten f/f;Ink4a/Arf f/f;ATRX +/+,RCAS-Cre-pENTR-U6-sgRNA-NF1-ex2,RH,144,nf1 KO;pten KO;ink KO;atrx wt
25742,2020-12-26,2020-12-28,2021-04-05,NA,2021-04-05,N-TVA::H11LSL-Cas9 f/f;Pten f/f;Ink4a/Arf f/f;ATRX +/+,RCAS-Cre-pENTR-U6-sgRNA-NF1-ex2,RH,98,nf1 KO;pten KO;ink KO;atrx wt
25743,2020-12-26,2020-12-28,2021-03-17,2021-02-11,NA,N-TVA::H11LSL-Cas9 f/f;Pten f/f;Ink4a/Arf f/f;ATRX +/+,RCAS-Cre-pENTR-U6-sgRNA-NF1-ex2,RH,79,nf1 KO;pten KO;ink KO;atrx wt
25744,2020-12-26,2020-12-28,2021-03-26,NA,2021-03-26,N-TVA::H11LSL-Cas9 f/f;Pten f/f;Ink4a/Arf f/f;ATRX +/+,RCAS-Cre-pENTR-U6-sgRNA-NF1-ex2,RH,88,nf1 KO;pten KO;ink KO;atrx wt
25745,2020-12-26,2020-12-28,2021-04-12,NA,2021-04-12,N-TVA::H11LSL-Cas9 f/f;Pten f/f;Ink4a/Arf f/f;ATRX +/+,RCAS-Cre-pENTR-U6-sgRNA-NF1-ex2,RH,105,nf1 KO;pten KO;ink KO;atrx wt
25746,2020-12-26,2020-12-28,2021-03-03,NA,2021-03-03,N-TVA::H11LSL-Cas9 f/f;Pten f/f;Ink4a/Arf f/f;ATRX +/+,RCAS-Cre-pENTR-U6-sgRNA-NF1-ex2,RH,65,nf1 KO;pten KO;ink KO;atrx wt
25747,2020-12-26,2020-12-28,2021-04-15,NA,2021-04-12,N-TVA::H11LSL-Cas9 f/f;Pten f/f;Ink4a/Arf f/f;ATRX +/+,RCAS-Cre-pENTR-U6-sgRNA-NF1-ex2,RH,108,nf1 KO;pten KO;ink KO;atrx wt
25748,2020-12-26,2020-12-28,2021-05-10,NA,2021-05-10,N-TVA::H11LSL-Cas9 f/f;Pten f/f;Ink4a/Arf f/f;ATRX +/+,RCAS-Cre-pENTR-U6-sgRNA-NF1-ex2,RH,133,nf1 KO;pten KO;ink KO;atrx wt
25763,2020-12-28,2020-12-28,2021-03-14,NA,NA,N-TVA::H11LSL-Cas9 f/f;Pten f/f;Ink4a/Arf f/f;ATRX +/+,RCAS-Cre-pENTR-U6-sgRNA-NF1-ex2,RH,76,nf1 KO;pten KO;ink KO;atrx wt
25764,2020-12-28,2020-12-28,2021-04-02,NA,2021-03-31,N-TVA::H11LSL-Cas9 f/f;Pten f/f;Ink4a/Arf f/f;ATRX +/+,RCAS-Cre-pENTR-U6-sgRNA-NF1-ex2,RH,95,nf1 KO;pten KO;ink KO;atrx wt
25765,2020-12-28,2020-12-28,2021-03-24,NA,2021-03-24,N-TVA::H11LSL-Cas9 f/f;Pten f/f;Ink4a/Arf f/f;ATRX +/+,RCAS-Cre-pENTR-U6-sgRNA-NF1-ex2,RH,86,nf1 KO;pten KO;ink KO;atrx wt
25766,2020-12-28,2020-12-28,2021-03-03,2021-01-29,2021-03-03,N-TVA::H11LSL-Cas9 f/f;Pten f/f;Ink4a/Arf f/f;ATRX +/+,RCAS-Cre-pENTR-U6-sgRNA-NF1-ex2,RH,65,nf1 KO;pten KO;ink KO;atrx wt
25767,2020-12-28,2020-12-28,2021-03-17,NA,2021-03-17,N-TVA::H11LSL-Cas9 f/f;Pten f/f;Ink4a/Arf f/f;ATRX +/+,RCAS-Cre-pENTR-U6-sgRNA-NF1-ex2,RH,79,nf1 KO;pten KO;ink KO;atrx wt
25782,2020-12-29,2020-12-29,2021-05-28,NA,NA,N-TVA::H11LSL-Cas9 f/f;Pten f/f;Ink4a/Arf f/f;ATRX f/f,RCAS-Cre,RE,300,nf1 wt;pten KO;ink KO;atrx KO
25783,2020-12-29,2020-12-29,2021-05-28,NA,NA,N-TVA::H11LSL-Cas9 f/f;Pten f/f;Ink4a/Arf f/f;ATRX f/f,RCAS-Cre,RE,300,nf1 wt;pten KO;ink KO;atrx KO
25784,2020-12-29,2020-12-29,2021-05-28,NA,NA,N-TVA::H11LSL-Cas9 f/f;Pten f/f;Ink4a/Arf f/f;ATRX f/f,RCAS-Cre,RE,300,nf1 wt;pten KO;ink KO;atrx KO
25785,2020-12-29,2020-12-29,2021-05-28,NA,NA,N-TVA::H11LSL-Cas9 f/f;Pten f/f;Ink4a/Arf f/f;ATRX f/f,RCAS-Cre,RE,300,nf1 wt;pten KO;ink KO;atrx KO
25786,2020-12-29,2020-12-30,2021-01-27,2021-01-26,NA,N-TVA::H11LSL-Cas9 f/f;Pten f/f;Ink4a/Arf f/f;ATRX f/f,RCAS-Cre,RH,28,nf1 wt;pten KO;ink KO;atrx KO
25787,2020-12-29,2020-12-29,2021-05-28,NA,NA,N-TVA::H11LSL-Cas9 f/f;Pten f/f;Ink4a/Arf f/f;ATRX f/f,RCAS-Cre,RE,300,nf1 wt;pten KO;ink KO;atrx KO
25788,2020-12-29,2020-12-29,2021-05-28,NA,NA,N-TVA::H11LSL-Cas9 f/f;Pten f/f;Ink4a/Arf f/f;ATRX f/f,RCAS-Cre,RE,300,nf1 wt;pten KO;ink KO;atrx KO
26007,2021-01-20,2021-01-22,2021-04-13,NA,2021-04-13,N-TVA::H11LSL-Cas9 f/f;Pten f/f;Ink4a/Arf f/f;ATRX +/+,RCAS-Cre-pENTR-U6-sgRNA-NF1-ex2,RE,81,nf1 KO;pten KO;ink KO;atrx wt
26008,2021-01-20,2021-01-22,2021-06-08,NA,2021-06-08,N-TVA::H11LSL-Cas9 f/f;Pten f/f;Ink4a/Arf f/f;ATRX +/+,RCAS-Cre-pENTR-U6-sgRNA-NF1-ex2,RH,137,nf1 KO;pten KO;ink KO;atrx wt
26009,2021-01-20,2021-01-22,2021-03-30,2021-03-15,NA,N-TVA::H11LSL-Cas9 f/f;Pten f/f;Ink4a/Arf f/f;ATRX +/+,RCAS-Cre-pENTR-U6-sgRNA-NF1-ex2,RE,67,nf1 KO;pten KO;ink KO;atrx wt
26010,2021-01-20,2021-01-22,2021-04-13,NA,2021-04-13,N-TVA::H11LSL-Cas9 f/f;Pten f/f;Ink4a/Arf f/f;ATRX +/+,RCAS-Cre-pENTR-U6-sgRNA-NF1-ex2,RE,81,nf1 KO;pten KO;ink KO;atrx wt
26011,2021-01-20,2021-01-22,2021-03-26,2021-03-15,NA,N-TVA::H11LSL-Cas9 f/f;Pten f/f;Ink4a/Arf f/f;ATRX +/+,RCAS-Cre-pENTR-U6-sgRNA-NF1-ex2,RE,63,nf1 KO;pten KO;ink KO;atrx wt
26012,2021-01-20,2021-01-22,2021-04-30,NA,2021-04-30,N-TVA::H11LSL-Cas9 f/f;Pten f/f;Ink4a/Arf f/f;ATRX +/+,RCAS-Cre-pENTR-U6-sgRNA-NF1-ex2,RE,98,nf1 KO;pten KO;ink KO;atrx wt
26013,2021-01-20,2021-01-22,2021-04-13,NA,2021-04-12,N-TVA::H11LSL-Cas9 f/f;Pten f/f;Ink4a/Arf f/f;ATRX +/+,RCAS-Cre-pENTR-U6-sgRNA-NF1-ex2,RH,81,nf1 KO;pten KO;ink KO;atrx wt
26014,2021-01-20,2021-01-22,2021-04-12,NA,2021-04-12,N-TVA::H11LSL-Cas9 f/f;Pten f/f;Ink4a/Arf f/f;ATRX +/+,RCAS-Cre-pENTR-U6-sgRNA-NF1-ex2,RE,80,nf1 KO;pten KO;ink KO;atrx wt
26022,2021-01-20,2021-01-22,2021-04-01,2021-03-15,NA,N-TVA::H11LSL-Cas9 f/f;Pten f/f;Ink4a/Arf f/f;ATRX +/+,RCAS-Cre-pENTR-U6-sgRNA-NF1-ex2,RE,69,nf1 KO;pten KO;ink KO;atrx wt
26023,2021-01-20,2021-01-22,2021-05-10,2021-04-23,NA,N-TVA::H11LSL-Cas9 f/f;Pten f/f;Ink4a/Arf f/f;ATRX +/+,RCAS-Cre-pENTR-U6-sgRNA-NF1-ex2,RE,108,nf1 KO;pten KO;ink KO;atrx wt
26024,2021-01-20,2021-01-22,2021-03-17,2021-02-22,NA,N-TVA::H11LSL-Cas9 f/f;Pten f/f;Ink4a/Arf f/f;ATRX f/f,RCAS-Cre-pENTR-U6-sgRNA-NF1-ex2,RH,54,nf1 KO;pten KO;ink KO;atrx KO
26037,2021-01-24,2021-01-26,2021-04-01,2021-03-18,NA,N-TVA::H11LSL-Cas9 f/f;Pten f/f;Ink4a/Arf f/f;ATRX +/+,RCAS-Cre-pENTR-U6-sgRNA-NF1-ex2,RE,65,nf1 KO;pten KO;ink KO;atrx wt
26038,2021-01-24,2021-01-26,2021-04-13,NA,2021-04-13,N-TVA::H11LSL-Cas9 f/f;Pten f/f;Ink4a/Arf f/f;ATRX +/+,RCAS-Cre-pENTR-U6-sgRNA-NF1-ex2,RH,77,nf1 KO;pten KO;ink KO;atrx wt
26039,2021-01-24,2021-01-26,2021-04-05,NA,2021-04-02,N-TVA::H11LSL-Cas9 f/f;Pten f/f;Ink4a/Arf f/f;ATRX +/+,RCAS-Cre-pENTR-U6-sgRNA-NF1-ex2,RH,69,nf1 KO;pten KO;ink KO;atrx wt
26040,2021-01-24,2021-01-26,2021-04-22,NA,2021-04-16,N-TVA::H11LSL-Cas9 f/f;Pten f/f;Ink4a/Arf f/f;ATRX +/+,RCAS-Cre-pENTR-U6-sgRNA-NF1-ex2,RH,86,nf1 KO;pten KO;ink KO;atrx wt
26061,2021-01-24,2021-01-26,2021-05-05,NA,2021-05-05,N-TVA::H11LSL-Cas9 f/f;Pten f/f;Ink4a/Arf f/f;ATRX +/+,RCAS-Cre-pENTR-U6-sgRNA-NF1-ex2,RH,99,nf1 KO;pten KO;ink KO;atrx wt
26062,2021-01-24,2021-01-26,2021-04-26,2021-04-23,NA,N-TVA::H11LSL-Cas9 f/f;Pten f/f;Ink4a/Arf f/f;ATRX +/+,RCAS-Cre-pENTR-U6-sgRNA-NF1-ex2,RH,90,nf1 KO;pten KO;ink KO;atrx wt
26063,2021-01-24,2021-01-26,2021-04-26,NA,2021-04-26,N-TVA::H11LSL-Cas9 f/f;Pten f/f;Ink4a/Arf f/f;ATRX +/+,RCAS-Cre-pENTR-U6-sgRNA-NF1-ex2,RH,90,nf1 KO;pten KO;ink KO;atrx wt
26064,2021-01-24,2021-01-26,2021-03-18,2021-03-10,NA,N-TVA::H11LSL-Cas9 f/f;Pten f/f;Ink4a/Arf f/f;ATRX +/+,RCAS-Cre-pENTR-U6-sgRNA-NF1-ex2,RH,51,nf1 KO;pten KO;ink KO;atrx wt
26065,2021-01-24,2021-01-26,2021-04-26,2021-04-15,2021-04-26,N-TVA::H11LSL-Cas9 f/f;Pten f/f;Ink4a/Arf f/f;ATRX +/+,RCAS-Cre-pENTR-U6-sgRNA-NF1-ex2,RH,90,nf1 KO;pten KO;ink KO;atrx wt
26066,2021-01-24,2021-01-26,2021-04-26,2021-04-26,NA,N-TVA::H11LSL-Cas9 f/f;Pten f/f;Ink4a/Arf f/f;ATRX +/+,RCAS-Cre-pENTR-U6-sgRNA-NF1-ex2,RH,90,nf1 KO;pten KO;ink KO;atrx wt
26067,2021-01-24,2021-01-26,2021-05-05,NA,2021-05-05,N-TVA::H11LSL-Cas9 f/f;Pten f/f;Ink4a/Arf f/f;ATRX +/+,RCAS-Cre-pENTR-U6-sgRNA-NF1-ex2,RH,99,nf1 KO;pten KO;ink KO;atrx wt
26068,2021-01-24,2021-01-26,2021-05-14,NA,2021-05-14,N-TVA::H11LSL-Cas9 f/f;Pten f/f;Ink4a/Arf f/f;ATRX +/+,RCAS-Cre-pENTR-U6-sgRNA-NF1-ex2,RH,108,nf1 KO;pten KO;ink KO;atrx wt
26069,2021-01-24,2021-01-26,2021-06-14,2021-06-09,2021-06-11,N-TVA::H11LSL-Cas9 f/f;Pten f/f;Ink4a/Arf f/f;ATRX +/+,RCAS-Cre-pENTR-U6-sgRNA-NF1-ex2,RH,139,nf1 KO;pten KO;ink KO;atrx wt
26137,2021-01-31,2021-02-02,2021-04-05,NA,NA,N-TVA::H11LSL-Cas9 f/f;Pten f/f;Ink4a/Arf f/f;ATRX +/+,RCAS-Cre-pENTR-U6-sgRNA-NF1-ex2,RH,62,nf1 KO;pten KO;ink KO;atrx wt
26138,2021-01-31,2021-02-02,2021-06-04,2021-06-01,NA,N-TVA::H11LSL-Cas9 f/f;Pten f/f;Ink4a/Arf f/f;ATRX +/+,RCAS-Cre-pENTR-U6-sgRNA-NF1-ex2,RH,122,nf1 KO;pten KO;ink KO;atrx wt
26139,2021-01-31,2021-02-02,2021-05-05,NA,2021-05-05,N-TVA::H11LSL-Cas9 f/f;Pten f/f;Ink4a/Arf f/f;ATRX +/+,RCAS-Cre-pENTR-U6-sgRNA-NF1-ex2,RH,92,nf1 KO;pten KO;ink KO;atrx wt
26140,2021-01-31,2021-02-02,2021-07-01,NA,NA,N-TVA::H11LSL-Cas9 f/f;Pten f/f;Ink4a/Arf f/f;ATRX +/+,RCAS-Cre-pENTR-U6-sgRNA-NF1-ex2,RH,300,nf1 KO;pten KO;ink KO;atrx wt
26141,2021-01-31,2021-02-02,2021-05-17,2021-05-17,2021-05-17,N-TVA::H11LSL-Cas9 f/f;Pten f/f;Ink4a/Arf f/f;ATRX +/+,RCAS-Cre-pENTR-U6-sgRNA-NF1-ex2,RH,104,nf1 KO;pten KO;ink KO;atrx wt
26142,2021-01-31,2021-02-02,2021-04-29,NA,2021-04-26,N-TVA::H11LSL-Cas9 f/f;Pten f/f;Ink4a/Arf f/f;ATRX +/+,RCAS-Cre-pENTR-U6-sgRNA-NF1-ex2,RH,86,nf1 KO;pten KO;ink KO;atrx wt
26143,2021-01-31,2021-02-02,2021-06-23,NA,2021-06-23,N-TVA::H11LSL-Cas9 f/f;Pten f/f;Ink4a/Arf f/f;ATRX +/+,RCAS-Cre-pENTR-U6-sgRNA-NF1-ex2,RH,141,nf1 KO;pten KO;ink KO;atrx wt
26274,2021-02-19,2021-02-21,2021-05-26,2021-05-26,NA,N-TVA::H11LSL-Cas9 f/f;Pten f/f;Ink4a/Arf f/f;ATRX +/+,RCAS-Cre-pENTR-U6-sgRNA-NF1-ex2,RE,94,nf1 KO;pten KO;ink KO;atrx wt
26275,2021-02-19,2021-02-21,2021-05-05,NA,2021-05-05,N-TVA::H11LSL-Cas9 f/f;Pten f/f;Ink4a/Arf f/f;ATRX +/+,RCAS-Cre-pENTR-U6-sgRNA-NF1-ex2,RH,73,nf1 KO;pten KO;ink KO;atrx wt
26276,2021-02-19,2021-02-21,2021-05-17,2021-05-10,2021-05-10,N-TVA::H11LSL-Cas9 f/f;Pten f/f;Ink4a/Arf f/f;ATRX +/+,RCAS-Cre-pENTR-U6-sgRNA-NF1-ex2,RE,85,nf1 KO;pten KO;ink KO;atrx wt
26277,2021-02-19,2021-02-21,2021-05-05,NA,2021-05-05,N-TVA::H11LSL-Cas9 f/f;Pten f/f;Ink4a/Arf f/f;ATRX +/+,RCAS-Cre-pENTR-U6-sgRNA-NF1-ex2,RH,73,nf1 KO;pten KO;ink KO;atrx wt
26278,2021-02-19,2021-02-21,2021-04-23,NA,2021-04-23,N-TVA::H11LSL-Cas9 f/f;Pten f/f;Ink4a/Arf f/f;ATRX +/+,RCAS-Cre-pENTR-U6-sgRNA-NF1-ex2,RH,61,nf1 KO;pten KO;ink KO;atrx wt
26279,2021-02-19,2021-02-21,2021-04-13,2021-04-13,NA,N-TVA::H11LSL-Cas9 f/f;Pten f/f;Ink4a/Arf f/f;ATRX +/+,RCAS-Cre-pENTR-U6-sgRNA-NF1-ex2,RE,51,nf1 KO;pten KO;ink KO;atrx wt
26280,2021-02-19,2021-02-21,2021-05-05,NA,2021-05-05,N-TVA::H11LSL-Cas9 f/f;Pten f/f;Ink4a/Arf f/f;ATRX +/+,RCAS-Cre-pENTR-U6-sgRNA-NF1-ex2,RE,73,nf1 KO;pten KO;ink KO;atrx wt
26281,2021-02-19,2021-02-21,2021-05-19,NA,2021-05-19,N-TVA::H11LSL-Cas9 f/f;Pten f/f;Ink4a/Arf f/f;ATRX +/+,RCAS-Cre-pENTR-U6-sgRNA-NF1-ex2,RE,87,nf1 KO;pten KO;ink KO;atrx wt
26282,2021-02-19,2021-02-21,2021-05-14,NA,2021-05-14,N-TVA::H11LSL-Cas9 f/f;Pten f/f;Ink4a/Arf f/f;ATRX +/+,RCAS-Cre-pENTR-U6-sgRNA-NF1-ex2,RH,82,nf1 KO;pten KO;ink KO;atrx wt
26305,2021-02-21,2021-02-21,2021-05-10,NA,2021-05-10,N-TVA::H11LSL-Cas9 f/f;Pten f/f;Ink4a/Arf f/f;ATRX +/+,RCAS-Cre-pENTR-U6-sgRNA-NF1-ex2,RE,78,nf1 KO;pten KO;ink KO;atrx wt
26306,2021-02-21,2021-02-21,2021-06-16,NA,2021-06-09,N-TVA::H11LSL-Cas9 f/f;Pten f/f;Ink4a/Arf f/f;ATRX +/+,RCAS-Cre-pENTR-U6-sgRNA-NF1-ex2,RE,115,nf1 KO;pten KO;ink KO;atrx wt
26307,2021-02-21,2021-02-21,2021-04-13,2021-04-13,NA,N-TVA::H11LSL-Cas9 f/f;Pten f/f;Ink4a/Arf f/f;ATRX +/+,RCAS-Cre-pENTR-U6-sgRNA-NF1-ex2,RE,51,nf1 KO;pten KO;ink KO;atrx wt
26308,2021-02-21,2021-02-21,2021-05-19,NA,2021-05-19,N-TVA::H11LSL-Cas9 f/f;Pten f/f;Ink4a/Arf f/f;ATRX +/+,RCAS-Cre-pENTR-U6-sgRNA-NF1-ex2,RE,87,nf1 KO;pten KO;ink KO;atrx wt
26309,2021-02-21,2021-02-21,2021-04-30,NA,2021-04-30,N-TVA::H11LSL-Cas9 f/f;Pten f/f;Ink4a/Arf f/f;ATRX +/+,RCAS-Cre-pENTR-U6-sgRNA-NF1-ex2,RE,68,nf1 KO;pten KO;ink KO;atrx wt
26310,2021-02-21,2021-02-21,2021-04-13,2021-04-13,NA,N-TVA::H11LSL-Cas9 f/f;Pten f/f;Ink4a/Arf f/f;ATRX +/+,RCAS-Cre-pENTR-U6-sgRNA-NF1-ex2,RE,51,nf1 KO;pten KO;ink KO;atrx wt
26311,2021-02-21,2021-02-21,2021-04-13,2021-04-13,NA,N-TVA::H11LSL-Cas9 f/f;Pten f/f;Ink4a/Arf f/f;ATRX +/+,RCAS-Cre-pENTR-U6-sgRNA-NF1-ex2,RE,51,nf1 KO;pten KO;ink KO;atrx wt
28200,2021-10-12,2021-10-14,2022-01-30,2022-01-20,NA,N-TVA::H11LSL-Cas9 f/f;Pten f/f;Ink4a/Arf f/f;ATRX +/+,RCAS-Cre-pENTR-U6-sgRNA-NF1-ex2,RE,108,nf1 KO;pten KO;ink KO;atrx wt
28201,2021-10-12,2021-10-14,2021-12-27,2021-12-16,NA,N-TVA::H11LSL-Cas9 f/f;Pten f/f;Ink4a/Arf f/f;ATRX +/+,RCAS-Cre-pENTR-U6-sgRNA-NF1-ex2,RE,74,nf1 KO;pten KO;ink KO;atrx wt
28202,2021-10-12,2021-10-14,2021-12-27,2021-12-20,NA,N-TVA::H11LSL-Cas9 f/f;Pten f/f;Ink4a/Arf f/f;ATRX +/+,RCAS-Cre-pENTR-U6-sgRNA-NF1-ex2,RE,74,nf1 KO;pten KO;ink KO;atrx wt
28203,2021-10-12,2021-10-14,2022-01-03,NA,NA,N-TVA::H11LSL-Cas9 f/f;Pten f/f;Ink4a/Arf f/f;ATRX +/+,RCAS-Cre-pENTR-U6-sgRNA-NF1-ex2,RE,81,nf1 KO;pten KO;ink KO;atrx wt
28204,2021-10-12,2021-10-14,2022-01-03,2021-12-21,NA,N-TVA::H11LSL-Cas9 f/f;Pten f/f;Ink4a/Arf f/f;ATRX +/+,RCAS-Cre-pENTR-U6-sgRNA-NF1-ex2,RE,81,nf1 KO;pten KO;ink KO;atrx wt
28205,2021-10-12,2021-10-14,2022-01-03,NA,2022-01-03,N-TVA::H11LSL-Cas9 f/f;Pten f/f;Ink4a/Arf f/f;ATRX +/+,RCAS-Cre-pENTR-U6-sgRNA-NF1-ex2,RE,81,nf1 KO;pten KO;ink KO;atrx wt
28206,2021-10-12,2021-10-14,2022-01-03,2021-12-20,NA,N-TVA::H11LSL-Cas9 f/f;Pten f/f;Ink4a/Arf f/f;ATRX +/+,RCAS-Cre-pENTR-U6-sgRNA-NF1-ex2,RE,81,nf1 KO;pten KO;ink KO;atrx wt
28207,2021-10-12,2021-10-14,2021-12-15,2021-11-28,NA,N-TVA::H11LSL-Cas9 f/f;Pten f/f;Ink4a/Arf f/f;ATRX +/+,RCAS-Cre-pENTR-U6-sgRNA-NF1-ex2,RE,62,nf1 KO;pten KO;ink KO;atrx wt
28208,2021-10-12,2021-10-14,2021-12-22,2021-12-04,NA,N-TVA::H11LSL-Cas9 f/f;Pten f/f;Ink4a/Arf f/f;ATRX +/+,RCAS-Cre-pENTR-U6-sgRNA-NF1-ex2,RE,69,nf1 KO;pten KO;ink KO;atrx wt
28525,2021-11-11,2021-11-13,2021-12-28,NA,2021-12-28,N-TVA::H11LSL-Cas9 f/f;Pten f/f;Ink4a/Arf f/f;ATRX +/+,RCAS-Cre-pENTR-U6-sgRNA-NF1-ex2,RE,45,nf1 KO;pten KO;ink KO;atrx wt
28526,2021-11-11,2021-11-13,2022-03-07,2022-03-01,NA,N-TVA::H11LSL-Cas9 f/f;Pten f/f;Ink4a/Arf f/f;ATRX +/+,RCAS-Cre-pENTR-U6-sgRNA-NF1-ex2,RE,114,nf1 KO;pten KO;ink KO;atrx wt
28527,2021-11-11,2021-11-13,2022-01-20,2022-01-06,NA,N-TVA::H11LSL-Cas9 f/f;Pten f/f;Ink4a/Arf f/f;ATRX +/+,RCAS-Cre-pENTR-U6-sgRNA-NF1-ex2,RE,68,nf1 KO;pten KO;ink KO;atrx wt
28528,2021-11-11,2021-11-13,2022-03-23,2022-03-10,NA,N-TVA::H11LSL-Cas9 f/f;Pten f/f;Ink4a/Arf f/f;ATRX +/+,RCAS-Cre-pENTR-U6-sgRNA-NF1-ex2,RE,130,nf1 KO;pten KO;ink KO;atrx wt
28529,2021-11-11,2021-11-13,2022-02-28,2022-02-23,2022-02-23,N-TVA::H11LSL-Cas9 f/f;Pten f/f;Ink4a/Arf f/f;ATRX +/+,RCAS-Cre-pENTR-U6-sgRNA-NF1-ex2,RE,107,nf1 KO;pten KO;ink KO;atrx wt
28530,2021-11-11,2021-11-13,2022-02-15,NA,2022-01-04,N-TVA::H11LSL-Cas9 f/f;Pten f/f;Ink4a/Arf f/f;ATRX +/+,RCAS-Cre-pENTR-U6-sgRNA-NF1-ex2,RE,94,nf1 KO;pten KO;ink KO;atrx wt
28531,2021-11-11,2021-11-13,2022-02-15,NA,2022-01-25,N-TVA::H11LSL-Cas9 f/f;Pten f/f;Ink4a/Arf f/f;ATRX +/+,RCAS-Cre-pENTR-U6-sgRNA-NF1-ex2,RE,94,nf1 KO;pten KO;ink KO;atrx wt
28532,2021-11-11,2021-11-13,2022-01-13,NA,2022-01-04,N-TVA::H11LSL-Cas9 f/f;Pten f/f;Ink4a/Arf f/f;ATRX +/+,RCAS-Cre-pENTR-U6-sgRNA-NF1-ex2,RE,61,nf1 KO;pten KO;ink KO;atrx wt
28708,2021-12-01,2021-12-03,2022-06-07,NA,NA,N-TVA::H11LSL-Cas9 f/f;Pten +/+;Ink4a/Arf +/+;ATRX +/+,RCAS-Cre-pENTR-U6-sgRNA-NF1-ex2,RE,300,nf1 KO;pten wt;ink wt;atrx wt
28709,2021-12-01,2021-12-03,2022-06-07,NA,2022-04-05,N-TVA::H11LSL-Cas9 f/f;Pten +/+;Ink4a/Arf +/+;ATRX +/+,RCAS-Cre-pENTR-U6-sgRNA-NF1-ex2,RE,300,nf1 KO;pten wt;ink wt;atrx wt
28710,2021-12-01,2021-12-03,2022-06-07,NA,2022-04-05,N-TVA::H11LSL-Cas9 f/f;Pten +/+;Ink4a/Arf +/+;ATRX +/+,RCAS-Cre-pENTR-U6-sgRNA-NF1-ex2,RE,300,nf1 KO;pten wt;ink wt;atrx wt
28780,2021-12-06,2021-12-07,2022-06-07,NA,2022-01-03,N-TVA::H11LSL-Cas9 f/f;Pten +/+;Ink4a/Arf +/+;ATRX +/+,RCAS-Cre-pENTR-U6-sgRNA-NF1-ex2,RE,300,nf1 KO;pten wt;ink wt;atrx wt
28781,2021-12-06,2021-12-07,2022-06-07,NA,NA,N-TVA::H11LSL-Cas9 f/f;Pten +/+;Ink4a/Arf +/+;ATRX +/+,RCAS-Cre-pENTR-U6-sgRNA-NF1-ex2,RE,300,nf1 KO;pten wt;ink wt;atrx wt
28782,2021-12-06,2021-12-07,2022-06-07,NA,NA,N-TVA::H11LSL-Cas9 f/f;Pten +/+;Ink4a/Arf +/+;ATRX +/+,RCAS-Cre-pENTR-U6-sgRNA-NF1-ex2,RE,300,nf1 KO;pten wt;ink wt;atrx wt
28783,2021-12-06,2021-12-07,2022-06-07,NA,NA,N-TVA::H11LSL-Cas9 f/f;Pten +/+;Ink4a/Arf +/+;ATRX +/+,RCAS-Cre-pENTR-U6-sgRNA-NF1-ex2,RE,300,nf1 KO;pten wt;ink wt;atrx wt
28784,2021-12-06,2021-12-07,2022-06-07,NA,NA,N-TVA::H11LSL-Cas9 f/f;Pten +/+;Ink4a/Arf +/+;ATRX +/+,RCAS-Cre-pENTR-U6-sgRNA-NF1-ex2,RE,300,nf1 KO;pten wt;ink wt;atrx wt
29161,2022-01-18,2022-01-20,2022-03-15,NA,2022-03-15,N-TVA::H11LSL-Cas9 f/f;Pten +/+;Ink4a/Arf +/+;ATRX +/+,RCAS-Cre-pENTR-U6-sgRNA-NF1-ex2,RE,54,nf1 KO;pten wt;ink wt;atrx wt
29162,2022-01-18,2022-01-20,2022-03-15,NA,2022-03-15,N-TVA::H11LSL-Cas9 f/f;Pten +/+;Ink4a/Arf +/+;ATRX +/+,RCAS-Cre-pENTR-U6-sgRNA-NF1-ex2,RE,54,nf1 KO;pten wt;ink wt;atrx wt
29163,2022-01-18,2022-01-20,2022-06-21,NA,NA,N-TVA::H11LSL-Cas9 f/f;Pten +/+;Ink4a/Arf +/+;ATRX +/+,RCAS-Cre-pENTR-U6-sgRNA-NF1-ex2,RE,300,nf1 KO;pten wt;ink wt;atrx wt
29164,2022-01-18,2022-01-20,2022-06-21,NA,NA,N-TVA::H11LSL-Cas9 f/f;Pten +/+;Ink4a/Arf +/+;ATRX +/+,RCAS-Cre-pENTR-U6-sgRNA-NF1-ex2,RE,300,nf1 KO;pten wt;ink wt;atrx wt
29165,2022-01-18,2022-01-20,2022-06-21,NA,NA,N-TVA::H11LSL-Cas9 f/f;Pten +/+;Ink4a/Arf +/+;ATRX +/+,RCAS-Cre-pENTR-U6-sgRNA-NF1-ex2,RE,300,nf1 KO;pten wt;ink wt;atrx wt
29166,2022-01-18,2022-01-20,2022-06-21,NA,NA,N-TVA::H11LSL-Cas9 f/f;Pten +/+;Ink4a/Arf +/+;ATRX +/+,RCAS-Cre-pENTR-U6-sgRNA-NF1-ex2,RE,300,nf1 KO;pten wt;ink wt;atrx wt
29385,2022-02-09,2022-02-10,2022-07-09,NA,NA,N-TVA::H11LSL-Cas9 f/f;Pten +/+;Ink4a/Arf f/f;ATRX +/+,RCAS-Cre-pENTR-U6-sgRNA-NF1-ex2,RE,300,nf1 KO;pten wt;ink KO;atrx wt
29386,2022-02-09,2022-02-10,2022-07-09,NA,NA,N-TVA::H11LSL-Cas9 f/f;Pten +/+;Ink4a/Arf f/f;ATRX +/+,RCAS-Cre-pENTR-U6-sgRNA-NF1-ex2,RE,300,nf1 KO;pten wt;ink KO;atrx wt
29387,2022-02-09,2022-02-10,2022-04-05,2022-03-29,NA,N-TVA::H11LSL-Cas9 f/f;Pten +/+;Ink4a/Arf f/f;ATRX +/+,RCAS-Cre-pENTR-U6-sgRNA-NF1-ex2,RE,54,nf1 KO;pten wt;ink KO;atrx wt
29388,2022-02-09,2022-02-10,2022-07-09,NA,2022-04-04,N-TVA::H11LSL-Cas9 f/f;Pten +/+;Ink4a/Arf f/f;ATRX +/+,RCAS-Cre-pENTR-U6-sgRNA-NF1-ex2,RE,300,nf1 KO;pten wt;ink KO;atrx wt
29389,2022-02-09,2022-02-10,2022-06-10,NA,2022-04-04,N-TVA::H11LSL-Cas9 f/f;Pten +/+;Ink4a/Arf f/f;ATRX +/+,RCAS-Cre-pENTR-U6-sgRNA-NF1-ex2,RE,120,nf1 KO;pten wt;ink KO;atrx wt
29390,2022-02-09,2022-02-10,2022-06-10,NA,2022-04-05,N-TVA::H11LSL-Cas9 f/f;Pten +/+;Ink4a/Arf f/f;ATRX +/+,RCAS-Cre-pENTR-U6-sgRNA-NF1-ex2,RE,120,nf1 KO;pten wt;ink KO;atrx wt
29397,2022-02-10,2022-02-10,2022-07-10,NA,NA,N-TVA::H11LSL-Cas9 f/f;Pten +/+;Ink4a/Arf +/+;ATRX +/+,RCAS-Cre-pENTR-U6-sgRNA-NF1-ex2,RE,300,nf1 KO;pten wt;ink wt;atrx wt
29398,2022-02-10,2022-02-10,2022-07-10,NA,NA,N-TVA::H11LSL-Cas9 f/f;Pten +/+;Ink4a/Arf +/+;ATRX +/+,RCAS-Cre-pENTR-U6-sgRNA-NF1-ex2,RE,300,nf1 KO;pten wt;ink wt;atrx wt
29399,2022-02-10,2022-02-10,2022-07-10,NA,NA,N-TVA::H11LSL-Cas9 f/f;Pten +/+;Ink4a/Arf +/+;ATRX +/+,RCAS-Cre-pENTR-U6-sgRNA-NF1-ex2,RE,300,nf1 KO;pten wt;ink wt;atrx wt
29400,2022-02-10,2022-02-10,2022-07-10,NA,NA,N-TVA::H11LSL-Cas9 f/f;Pten +/+;Ink4a/Arf +/+;ATRX +/+,RCAS-Cre-pENTR-U6-sgRNA-NF1-ex2,RE,300,nf1 KO;pten wt;ink wt;atrx wt
29401,2022-02-10,2022-02-10,2022-07-10,NA,NA,N-TVA::H11LSL-Cas9 f/f;Pten +/+;Ink4a/Arf +/+;ATRX +/+,RCAS-Cre-pENTR-U6-sgRNA-NF1-ex2,RE,300,nf1 KO;pten wt;ink wt;atrx wt
29403,2022-02-10,2022-02-10,2022-07-10,NA,NA,N-TVA::H11LSL-Cas9 f/f;Pten +/+;Ink4a/Arf +/+;ATRX +/+,RCAS-Cre-pENTR-U6-sgRNA-NF1-ex2,RE,300,nf1 KO;pten wt;ink wt;atrx wt
29404,2022-02-10,2022-02-10,2022-07-10,NA,NA,N-TVA::H11LSL-Cas9 f/f;Pten +/+;Ink4a/Arf +/+;ATRX +/+,RCAS-Cre-pENTR-U6-sgRNA-NF1-ex2,RE,300,nf1 KO;pten wt;ink wt;atrx wt
29405,2022-02-10,2022-02-10,2022-07-10,NA,NA,N-TVA::H11LSL-Cas9 f/f;Pten +/+;Ink4a/Arf +/+;ATRX +/+,RCAS-Cre-pENTR-U6-sgRNA-NF1-ex2,RE,300,nf1 KO;pten wt;ink wt;atrx wt
29406,2022-02-09,2022-02-10,2022-07-09,NA,NA,N-TVA::H11LSL-Cas9 f/f;Pten +/+;Ink4a/Arf f/f;ATRX +/+,RCAS-Cre-pENTR-U6-sgRNA-NF1-ex2,RE,300,nf1 KO;pten wt;ink KO;atrx wt
29407,2022-02-10,2022-02-10,2022-04-02,NA,2022-03-29,N-TVA::H11LSL-Cas9 f/f;Pten +/+;Ink4a/Arf f/f;ATRX +/+,RCAS-Cre-pENTR-U6-sgRNA-NF1-ex2,RE,51,nf1 KO;pten wt;ink KO;atrx wt
29408,2022-02-10,2022-02-10,2022-04-03,NA,2022-03-29,N-TVA::H11LSL-Cas9 f/f;Pten +/+;Ink4a/Arf f/f;ATRX +/+,RCAS-Cre-pENTR-U6-sgRNA-NF1-ex2,RE,52,nf1 KO;pten wt;ink KO;atrx wt
29409,2022-02-10,2022-02-10,2022-04-04,NA,2022-03-29,N-TVA::H11LSL-Cas9 f/f;Pten +/+;Ink4a/Arf f/f;ATRX +/+,RCAS-Cre-pENTR-U6-sgRNA-NF1-ex2,RE,53,nf1 KO;pten wt;ink KO;atrx wt
29410,2022-02-10,2022-02-10,2022-04-03,NA,2022-03-29,N-TVA::H11LSL-Cas9 f/f;Pten +/+;Ink4a/Arf f/f;ATRX +/+,RCAS-Cre-pENTR-U6-sgRNA-NF1-ex2,RE,52,nf1 KO;pten wt;ink KO;atrx wt
29818,2022-03-23,2022-03-24,2022-08-20,NA,2022-05-09,N-TVA::H11LSL-Cas9 f/f;Pten +/+;Ink4a/Arf f/f;ATRX +/+,RCAS-Cre-pENTR-U6-sgRNA-NF1-ex2,RE,300,nf1 KO;pten wt;ink KO;atrx wt
29819,2022-03-23,2022-03-24,2022-08-20,NA,2022-05-09,N-TVA::H11LSL-Cas9 f/f;Pten +/+;Ink4a/Arf f/f;ATRX +/+,RCAS-Cre-pENTR-U6-sgRNA-NF1-ex2,RE,300,nf1 KO;pten wt;ink KO;atrx wt
29820,2022-03-23,2022-03-24,2022-08-20,NA,2022-05-09,N-TVA::H11LSL-Cas9 f/f;Pten +/+;Ink4a/Arf f/f;ATRX +/+,RCAS-Cre-pENTR-U6-sgRNA-NF1-ex2,RE,300,nf1 KO;pten wt;ink KO;atrx wt
29821,2022-03-23,2022-03-24,2022-08-20,NA,NA,N-TVA::H11LSL-Cas9 f/f;Pten +/+;Ink4a/Arf f/f;ATRX +/+,RCAS-Cre-pENTR-U6-sgRNA-NF1-ex2,RE,300,nf1 KO;pten wt;ink KO;atrx wt
29822,2022-03-23,2022-03-24,2022-08-20,NA,2022-05-09,N-TVA::H11LSL-Cas9 f/f;Pten +/+;Ink4a/Arf f/f;ATRX +/+,RCAS-Cre-pENTR-U6-sgRNA-NF1-ex2,RE,300,nf1 KO;pten wt;ink KO;atrx wt
29824,2022-03-23,2022-03-24,2022-05-13,NA,2022-05-08,N-TVA::H11LSL-Cas9 f/f;Pten +/+;Ink4a/Arf f/f;ATRX +/+,RCAS-Cre-pENTR-U6-sgRNA-NF1-ex2,RE,50,nf1 KO;pten wt;ink KO;atrx wt
30212,2022-05-09,2022-05-10,2022-10-06,NA,NA,N-TVA::H11LSL-Cas9 f/f;Pten +/+;Ink4a/Arf f/f;ATRX +/+,RCAS-Cre-pENTR-U6-sgRNA-NF1-ex2,RE,300,nf1 KO;pten wt;ink KO;atrx wt
30213,2022-05-09,2022-05-10,2022-10-06,NA,NA,N-TVA::H11LSL-Cas9 f/f;Pten +/+;Ink4a/Arf f/f;ATRX +/+,RCAS-Cre-pENTR-U6-sgRNA-NF1-ex2,RE,300,nf1 KO;pten wt;ink KO;atrx wt
30214,2022-05-09,2022-05-10,2022-10-06,NA,NA,N-TVA::H11LSL-Cas9 f/f;Pten +/+;Ink4a/Arf f/f;ATRX +/+,RCAS-Cre-pENTR-U6-sgRNA-NF1-ex2,RE,300,nf1 KO;pten wt;ink KO;atrx wt
30215,2022-05-09,2022-05-10,2022-10-06,NA,NA,N-TVA::H11LSL-Cas9 f/f;Pten +/+;Ink4a/Arf f/f;ATRX +/+,RCAS-Cre-pENTR-U6-sgRNA-NF1-ex2,RE,300,nf1 KO;pten wt;ink KO;atrx wt
30216,2022-05-09,2022-05-10,2022-10-06,NA,NA,N-TVA::H11LSL-Cas9 f/f;Pten +/+;Ink4a/Arf f/f;ATRX +/+,RCAS-Cre-pENTR-U6-sgRNA-NF1-ex2,RE,300,nf1 KO;pten wt;ink KO;atrx wt
30217,2022-05-09,2022-05-10,2022-10-06,NA,NA,N-TVA::H11LSL-Cas9 f/f;Pten +/+;Ink4a/Arf f/f;ATRX +/+,RCAS-Cre-pENTR-U6-sgRNA-NF1-ex2,RE,300,nf1 KO;pten wt;ink KO;atrx wt
30218,2022-05-09,2022-05-10,2022-10-06,NA,NA,N-TVA::H11LSL-Cas9 f/f;Pten +/+;Ink4a/Arf f/f;ATRX +/+,RCAS-Cre-pENTR-U6-sgRNA-NF1-ex2,RE,300,nf1 KO;pten wt;ink KO;atrx wt
30232,2022-05-10,2022-05-11,2022-10-07,NA,NA,N-TVA::H11LSL-Cas9 f/f;Pten +/+;Ink4a/Arf f/f;ATRX +/+,RCAS-Cre-pENTR-U6-sgRNA-NF1-ex2,RE,300,nf1 KO;pten wt;ink KO;atrx wt
30233,2022-05-10,2022-05-11,2022-10-07,NA,NA,N-TVA::H11LSL-Cas9 f/f;Pten +/+;Ink4a/Arf f/f;ATRX +/+,RCAS-Cre-pENTR-U6-sgRNA-NF1-ex2,RE,300,nf1 KO;pten wt;ink KO;atrx wt
30234,2022-05-10,2022-05-11,2022-10-07,NA,NA,N-TVA::H11LSL-Cas9 f/f;Pten +/+;Ink4a/Arf f/f;ATRX +/+,RCAS-Cre-pENTR-U6-sgRNA-NF1-ex2,RE,300,nf1 KO;pten wt;ink KO;atrx wt
30235,2022-05-10,2022-05-11,2022-10-07,NA,NA,N-TVA::H11LSL-Cas9 f/f;Pten +/+;Ink4a/Arf f/f;ATRX +/+,RCAS-Cre-pENTR-U6-sgRNA-NF1-ex2,RE,300,nf1 KO;pten wt;ink KO;atrx wt
30236,2022-05-10,2022-05-11,2022-10-07,NA,NA,N-TVA::H11LSL-Cas9 f/f;Pten +/+;Ink4a/Arf f/f;ATRX +/+,RCAS-Cre-pENTR-U6-sgRNA-NF1-ex2,RE,300,nf1 KO;pten wt;ink KO;atrx wt
30237,2022-05-10,2022-05-11,2022-10-07,NA,NA,N-TVA::H11LSL-Cas9 f/f;Pten +/+;Ink4a/Arf f/f;ATRX +/+,RCAS-Cre-pENTR-U6-sgRNA-NF1-ex2,RE,300,nf1 KO;pten wt;ink KO;atrx wt
